"20260411","000000","20260411","012500","","TEST:100:0:00-1:25","2026年4月11日0:00-1:25
"
"20260411","000000","20260411","120000","","TEST:102:0:00-12:00","2026年4月11日0:00-12:00
"
"20260411","013000","20260411","020000","","TEST:101:1:30-2:00","2026年4月11日1:30-2:00
"
"20260411","115500","20260411","235500","","TEST:103:11:55-23:55","2026年4月11日11:55-23:55
"
"20260411","120000","20260412","000000","","TEST:104:12:00-24:00","2026年4月11日12:00-2026年4月12日0:00
"
"20260411","120000","20260412","011500","","TEST:105:12:00-25:15","2026年4月11日12:00-2026年4月12日1:15
"
"20260412","","20260412","","","TEST:106:終日スケジュール(時刻なし)/1日","終日:2026年4月12日-4月12日
"
"20260412","","20260413","","","TEST:107:終日スケジュール(時刻なし)/2日","終日:2026年4月12日-4月13日
"
"20260412","000000","20260413","000000","","TEST:108:終日スケジュール(時刻あり)/1日","2026年4月12日0:00-4月13日0:00
"
"20260412","000000","20260414","000000","","TEST:109:終日スケジュール(時刻あり)/2日","2026年4月12日0:00-4月14日0:00
"
