"2026/04/11","00:00:00+0900","2026/04/11","01:25:00+0900","","TEST:100:0:00-1:25","2026年4月11日0:00-1:25
"
"2026/04/11","00:00:00+0900","2026/04/11","12:00:00+0900","","TEST:102:0:00-12:00","2026年4月11日0:00-12:00
"
"2026/04/11","01:30:00+0900","2026/04/11","02:00:00+0900","","TEST:101:1:30-2:00","2026年4月11日1:30-2:00
"
"2026/04/11","11:55:00+0900","2026/04/11","23:55:00+0900","","TEST:103:11:55-23:55","2026年4月11日11:55-23:55
"
"2026/04/11","12:00:00+0900","2026/04/12","00:00:00+0900","","TEST:104:12:00-24:00","2026年4月11日12:00-2026年4月12日0:00
"
"2026/04/11","12:00:00+0900","2026/04/12","01:15:00+0900","","TEST:105:12:00-25:15","2026年4月11日12:00-2026年4月12日1:15
"
"2026/04/12","","2026/04/12","","","TEST:106:終日スケジュール(時刻なし)/1日","終日:2026年4月12日-4月12日
"
"2026/04/12","","2026/04/13","","","TEST:107:終日スケジュール(時刻なし)/2日","終日:2026年4月12日-4月13日
"
"2026/04/12","00:00:00+0900","2026/04/13","00:00:00+0900","","TEST:108:終日スケジュール(時刻あり)/1日","2026年4月12日0:00-4月13日0:00
"
"2026/04/12","00:00:00+0900","2026/04/14","00:00:00+0900","","TEST:109:終日スケジュール(時刻あり)/2日","2026年4月12日0:00-4月14日0:00
"
