"2026/03/23","18:00:00","2026/03/23","18:30:00","","TEST:170:Teams会議:Office365から無償Outlook(jp/us)へ","2026年3月23日: 18:00-18:30
参加者に無償Outlook追加(jp/us)
Teams会議開催

(REMOVE TEAMS INFOMATION)
"
"2026/03/23","19:00:00","2026/03/23","19:30:00","","TEST:172:Teams会議:Office365から無償Outlook(jp/us)へ/SetLocation","2026年3月23日: 19:00-19:30
参加者に無償Outlook追加(jp/us)
Teams会議開催
ロケーションに「テストロケーション」と入力

(REMOVE TEAMS INFOMATION)
"
"2026/03/23","20:00:00","2026/03/23","20:30:00","","TEST:174:TeamsMeeting:Free Outlook(us) to Office365","2026/May/23: 7:00-7:30/EDT
Meeting Member: Office365
Schedule a Teams meeting.

(REMOVE TEAMS INFOMATION)
"
"2026/03/23","20:30:00","2026/03/23","21:00:00","","Canceled: TEST:175:TeamsMeeting:Free Outlook(us) to Office365/Cancel","Cancel Test
"
"2026/03/23","21:00:00","2026/03/23","21:30:00","","TEST:176:TeamsMeeting:Free Outlook(us) to Office365/SetLocation","2026/May/23: 8:00-8:30/EDT
Meeting Member: Office365
Schedule a Teams meeting.
SetLocation: TEST LOCATION

(REMOVE TEAMS INFOMATION)
"
"2026/03/23","21:30:00","2026/03/23","22:00:00","","Canceled: TEST:177:TeamsMeeting:Free Outlook(us) to Office365/SetLocation/Cancel","Cancel Test.
"
