"2026/03/23","22:00:00","2026/03/23","22:15:00","","TEST:180:新仕様(2026/3)から旧仕様に変換(1)","9999
2026年3月23日: 22:00-22:15
行頭に空白なし
"
"2026/03/23","22:15:00","2026/03/23","22:30:00","","TEST:181:新仕様(2026/3)から旧仕様に変換(2)","9999
2026年3月23日: 22:15-22:30
行頭に半角空白あり
"
"2026/03/23","22:30:00","2026/03/23","22:45:00","","TEST:182:新仕様(2026/3)から旧仕様に変換(3)","9999
2026年3月23日: 22:30-22:45
行頭に全角空白あり
"
"2026/03/23","22:45:00","2026/03/23","23:00:00","","TEST:183:新仕様(2026/3)から旧仕様に変換(4)","
登録番号9999
2026年3月23日: 22:45-23:00
行頭に改行あり。この場合は一切変更しない
"
